num,time_avg_s
1,0.0895441
2,0.0895348
3,0.089928
4,0.0899714
5,0.0901145
6,0.0906725
7,0.089783