num,time_avg_s
1,0.0152669
2,0.0151672
3,0.0149508
4,0.0148161
5,0.0149645
6,0.0151158
7,0.0200301