num,time_avg_s
1,0.0258331
2,0.0262401
3,0.0263939
4,0.0260166
5,0.0258787
6,0.0259174
7,0.0262232